,Title,Price
0,Centon 32 GB USB 2.0 Datastick Pro2,$14.99
1,Centon 32 GB USB 2.0 Datastick Pro2,$14.99
2,Centon 32 GB USB 2.0 Datastick Pro2,$14.99
3,Wicked Audio Bandido Bluetooth Earbud BLK,$27.99
4,Wicked Audio Bandido Bluetooth Earbud  Blue,$27.99
5,OnHand Wireless Charging Base,$9.99
6,JBL Tune 225 True Wireless Earbuds,CHECK PRICE IN CART
7,3 Outlet Wall Tap w/ 2 USB Ports,$24.98
8,Laut Airpod Case White,$4.99
9,iHome Slim Wall Charger White,$9.99
10,JBL Flip 5 Bluetooth Speaker Gray,CHECK PRICE IN CART
11,JBL Pulse 4 Wireless Speaker,CHECK PRICE IN CART
12,OTM Essentials HD Pro Webcam,$32.99
13,JBL GO3 Wireless Speaker Black,CHECK PRICE IN CART
14,iHome Slim Wall Charger Green,$9.99
15,Native Union Lightning Cable Keychain,$14.99
16,JBL CLIP4 Wireless Speaker,CHECK PRICE IN CART
17,Altec Rockbox Mini Bluetooth Speaker,$122.99
18,Coax Cable 6ft,$4.99
19,JBL CLIP4 Wireless Speaker,CHECK PRICE IN CART
20,JBL Live Free True Wireless Noise Canceling In-Ear Earbud White,CHECK PRICE IN CART
21,JBL Live Free True Wireless Noise Canceling In-Ear Earbud Black,CHECK PRICE IN CART
22,JBL Flip 5 ECO Wireless Speaker,CHECK PRICE IN CART
23,"JBL Flip 5 Eco Wireless Speaker, Forest Green",CHECK PRICE IN CART
24,Skullcandy Push Active True Wireless Earbuds-  True Black/Orange,CHECK PRICE IN CART
25,JBL Tune 225 True Wireless Earbuds,CHECK PRICE IN CART
26,JLab JBuds Mini True Wireless Earbuds- Mint,CHECK PRICE IN CART
27,Logitech MK320 Wireless Mouse and Keyboard Set,$37.99
28,Nanobud Sport TWS Earbuds w/charging case,$46.99
29,JBL Tune 230 True Wireless Noise Cancelling InEarEarbuds- Black,CHECK PRICE IN CART
30,"JBL Live Free 2 True Wireless Noise Cancelling In-Ear Earbuds, Black",CHECK PRICE IN CART
31,JBL Live Free 2 True Wireless Noise Cancelling In-Ear Earbuds- Silver,CHECK PRICE IN CART
32,"OnHand Audio Adapter USB-C to 3.5mm, Black",$12.99
33,Adesso Antimicrobial Wireless Mouse,$28.99
34,Logitech M525 Wireless Laser Mouse Black/Navy,$32.99
35,Portable Super Slim Fast Charge Powerbank- Black.,$17.99
36,Portable Super Slim Fast Charge Powerbank- White.,$22.99
37,Portable Super Slim Fast Charge Powerbank- Black.,$22.99
38,Beats Studio Buds Totally Wireless Active Noise Cancelling Headphone,CHECK PRICE IN CART
39,Nanobud Sport TWS Earbuds w/charging case -Anti-Microbial,$46.99
40,"Ohio State University Leather Shell Phone Case, Black, Alumni V2 - iPhone 13",$22.99
41,"Ohio State University Buckeyes Clear Tough Edge Phone Case, Classic- iPhone 13 Pro",$17.99
42,Professional Cable 25' Coax Cable,$9.99
43,Professional Cable 10' USB A-B Device Cable,$8.99
44,OnHand 5 FT Lightning Cable Pink,$18.99
45,Centon 32GB USB 2.0 Pro2 Grey,$14.99
46,iHome Portable Bluetooth Speaker,$55.99
47,Logitech M325 Wireless Mouse Silver,$32.99
48,OnHand 5 FT Lightning Cable Green,$18.99
49,Skullcandy Sesh Evo True Wireless Earbuds Black,CHECK PRICE IN CART
50,Skullcandy Sesh Evo True Wireless Earbuds Bleach Blue,CHECK PRICE IN CART
51,"PopSockets MagSafe PopGrip, Neon Pink",$26.99
52,"PopSockets MagSafe PopGrip, Black",$26.99
53,"PopSockets MagSafe PopGrip, Gold Lutz Marble",$26.99
54,JBL Tune 230NC True Wireless Noise Cancelling In-Ear Headphones- White,CHECK PRICE IN CART
55,"PopSockets MagSafe PopGrip, Blue Nebula",$26.99
56,LXG 2-in-1 Lightning/Micro Cable,$19.99
57,Targus Kb55 Multi Platform Wireless Bluetooth Keyboard In Black,$23.99
58,iHome PlayGlow Mini Rechargeable Bluetooth Speaker,$38.99
59,Beats Studio Buds   True Wireless Noise Cancelling Earphones,CHECK PRICE IN CART
60,Jlab Go Air POP True Wireless Earbuds Slate,CHECK PRICE IN CART
61,Flowtag Digital Contact Card,$13.99
62,Jlab Go Air POP True Wireless Earbuds Lilac,CHECK PRICE IN CART
63,Flowtag Digital Contact Card,$13.99
64,Flowtag Digital Contact Card,$13.99
65,Portable Super Slim Fast Charge Powerbank- White.,$17.99
66,Portable Super Slim Fast Charge Powerbank- Pink.,$17.99
67,JLab Go Air Sport True Wireless Earbuds- Green,CHECK PRICE IN CART
68,iHome Alarm Clock with Qi Wireless Charging and USB Charging,CHECK PRICE IN CART
69,Jlab Go Air Sport True Wireless Earbuds- Black,CHECK PRICE IN CART
70,Scosche BoomCan MagSafe Magnetic Wireless Speaker- White,CHECK PRICE IN CART
71,iHome PowerValet Quad+ Alarm Clock with Wireless Charging,CHECK PRICE IN CART
72,Scosche BoomCan MagSafe Magnetic Wireless Speaker- Black,CHECK PRICE IN CART
73,iHome Bluetooth Alarm Clock with USB Charging,CHECK PRICE IN CART
74,Flowtag Digital Contact Card,$13.99
75,JLAB Hearing Protection Earplugs,CHECK PRICE IN CART
76,JLab GO Air POP True Wireless Earbuds- Teal,CHECK PRICE IN CART
